caso,width,threads,schedule,chunk,n,t_med,t_min,t_max,t_media,t_desvio,flb,razao_tmax_tmed,w_max,w_media,escrita_s,cv_pct,pol,t_seq,speedup,speedup_min,speedup_max,eficiencia,karp_flatt,flb_prev,efic_bal_prev
padrao,4096,1,dynamic,1,5,6.986999989,6.971000195,7.006000042,6.9876000882,0.012421704923524637,0.0,1.0,2895092789.0,2895092789.0,0.039999962,0.17776782824909,"dynamic,1",6.9765000345,0.998497215612347,0.9957893223917853,1.0007889598832524,99.8497215612347,,,
padrao,4096,2,dynamic,1,5,3.595999956,3.593999863,3.638000011,3.606799984,0.018780341929954997,0.0,1.0,1448192133.0,1447546394.5,0.0400002,0.5206926364995514,"dynamic,1",6.9765000345,1.9400723358907628,1.917674550138972,1.941152003460719,97.00361679453813,0.03088939675113811,2.6320396452042335e-07,99.99998683980178
padrao,4096,2,dynamic,16,5,3.601000071,3.586999893,3.605999947,3.5998000148000004,0.007463296785464532,0.0,1.0,1447839285.0,1447546394.5,0.039999962,0.20732531681705607,"dynamic,16",6.9765000345,1.9373784773524376,1.934692217703463,1.9449401289681052,96.86892386762189,0.03232281321362618,4.801226653584634e-07,99.99997599386673
padrao,4096,2,guided,1,5,3.607000113,3.592000008,3.619000196,3.6072000504000004,0.012008369198613544,0.000276,1.0001381688547268,1447846298.0,1447546394.5,0.039999962,0.3329000063991999,"guided,1",6.9765000345,1.934155757122373,1.9277423754248395,1.942232744699927,96.70778785611866,0.03404288544764866,2.272811178020285e-07,99.9999886359441
padrao,4096,2,static,0,5,3.601000071,3.590999842,3.611000061,3.6007999898,0.008438030481979901,0.000557,1.0002785314829956,1447546559.0,1447546394.5,0.040999889,0.2343376612386787,static (blocos),6.9765000345,1.9373784773524376,1.9320132696336723,1.9427736957555677,96.86892386762189,0.03232281321362618,2.272811178020285e-07,99.9999886359441
padrao,4096,2,static,1,5,3.609000206,3.604000092,3.621999979,3.6114000322,0.007162373650929855,0.0,1.0,1447546585.0,1447546394.5,0.042000055,0.19832678703739906,"static,1",6.9765000345,1.9330838559946593,1.9261457965071953,1.9357657759182987,96.65419279973297,0.034616265506448585,2.6320396452042335e-07,99.99998683980178
padrao,4096,4,dynamic,1,5,1.88499999,1.878999949,1.893999815,1.885599947,0.005549694677746253,0.0,1.0,725589247.0,723773197.25,0.0400002,0.2943198363245527,"dynamic,1",6.9765000345,3.701061045894223,3.6834745068335715,3.712879310195234,92.52652614735557,0.0269237164152701,4.292773431771837e-06,99.99981820995679
padrao,4096,4,dynamic,16,5,1.888999939,1.878000021,1.891000032,1.8858000275999998,0.006300766326713626,0.0,1.0,724949224.0,723773197.25,0.039999962,0.33411635563143033,"dynamic,16",6.9765000345,3.6932240655302633,3.6893177770713015,3.71485620686263,92.33060163825658,0.0276881778654184,0.00015751704898661135,99.99177147630559
padrao,4096,4,guided,1,5,3.102999926,3.085999966,3.112999916,3.1003999234,0.01006476286864097,0.817183,1.6861839425035148,1234556368.0,723773197.25,0.039999962,0.32462789050786783,"guided,1",6.9765000345,2.248308153681857,2.24108584090948,2.2606934903964935,56.20770384204643,0.2597051837177436,0.8199672540184897,58.62617665830225
padrao,4096,4,static,0,5,3.506999969,3.486999989,3.524999857,3.5075999738,0.014099622647714057,0.971027,1.9445060911337875,1405022951.0,723773197.25,0.039999962,0.4019735076129295,static (blocos),6.9765000345,1.9893071275074197,1.9791490262463292,2.000716964871777,49.732678187685494,0.33691678284856846,0.9697348153852328,51.51326508473526
padrao,4096,4,static,1,5,1.885999918,1.879999876,1.894000053,1.8861999986,0.005310404241751435,0.00528,1.0026638541430088,723794999.0,723773197.25,0.039999962,0.2815398285278864,"static,1",6.9765000345,3.6990988005440624,3.683474043968255,3.7109045184319998,92.47747001360156,0.027114820454077575,6.0308512852822295e-05,99.99698785567321
padrao,4096,6,dynamic,1,5,1.289000034,1.286000013,1.289999962,1.2885999678000002,0.001673312972552726,0.0,1.0,484680992.0,482515464.833,0.040999889,0.12985511519215218,"dynamic,1",6.9765000345,5.412335027525685,5.408139720937449,5.42496109173834,90.20558379209474,0.021715764803383695,1.2179850192194803e-05,99.99942278521762
padrao,4096,6,dynamic,4,5,1.286000013,1.285000086,1.305000067,1.2900000571999999,0.00845577486111283,0.0,1.0,484320970.0,482515464.833,0.040999889,0.6554863942771018,"dynamic,4",6.9765000345,5.42496109173834,5.345976763463262,5.42918254287183,90.41601819563901,0.021199743133176952,4.626523535297651e-05,99.99861826717894
padrao,4096,6,dynamic,16,5,1.286000013,1.27699995,1.289999962,1.2849999902,0.005244062118359566,0.0,1.0,483788821.0,482515464.833,0.0400002,0.4080982224399371,"dynamic,16",6.9765000345,5.42496109173834,5.408139720937449,5.463195229177574,90.41601819563901,0.021199743133176952,0.0002175842831010967,99.98741107318337
padrao,4096,6,dynamic,64,5,1.301000118,1.296999931,1.305000067,1.3008000374,0.0030331977688127024,0.017747,1.014643015468256,489411429.0,482515464.833,0.040999889,0.23317940356731284,"dynamic,64",6.9765000345,5.362413068205425,5.345976763463262,5.378951739126962,89.37355113675709,0.02377985148421058,0.01793020448649964,98.5909678936683
padrao,4096,6,dynamic,256,5,1.469000101,1.463999987,1.486000061,1.4712000372,0.00858489096622771,0.210884,1.1510941684829816,558949047.0,482515464.833,0.041000128,0.5835298225363388,"dynamic,256",6.9765000345,4.749148777968668,4.694818134667627,4.765368918340024,79.15247963281114,0.05267685981260638,0.2192002252398509,86.32548305129023
padrao,4096,6,guided,1,5,2.178999901,2.164999962,2.191999912,2.1767999648,0.01138861106161229,0.761228,1.7391073224617475,849581425.0,482515464.833,0.039999962,0.5231813324959629,"guided,1",6.9765000345,3.201698187915613,3.1827099975266786,3.222401920069872,53.36163646526021,0.17480109915707912,0.7653830414194849,56.79449322156888
padrao,4096,6,guided,4,5,2.177000046,2.162999868,2.185000181,2.1756000042,0.008820513347565163,0.756819,1.7319750084157162,849581425.0,482515464.833,0.041000128,0.40542900030047546,"guided,4",6.9765000345,3.2046393601683922,3.19290592978674,3.225381627485148,53.41065600280654,0.17445711205923162,0.7653830461276857,56.79449322156888
padrao,4096,6,guided,16,5,2.166000128,2.159000158,2.180999994,2.1674000262,0.008324631602294314,0.759944,1.7306155768219997,849581425.0,482515464.833,0.039999962,0.3840837640336056,"guided,16",6.9765000345,3.2209139530115487,3.1987620603817386,3.2313568892754105,53.681899216859144,0.17256505995076407,0.7654002852051527,56.79449322156888
padrao,4096,6,guided,64,5,2.175000191,2.15899992,2.20600009,2.1764000418,0.01810530653458951,0.75989,1.7336522385260347,849581425.0,482515464.833,0.039999962,0.8318923996902448,"guided,64",6.9765000345,3.2075859410809584,3.162511219344511,3.2313572454879944,53.459765684682644,0.17411312496138429,0.7655374339192974,56.79449322156888
padrao,4096,6,static,0,5,2.996000051,2.98300004,3.0,2.99380002,0.00641871420158611,0.995642,2.4495976381732536,1189490404.0,482515464.833,0.039999962,0.21440023243723907,static (blocos),6.9765000345,2.328604778284765,2.3255000115,2.3387529134930887,38.810079638079415,0.31533004277519017,0.9944100608313945,40.56488923414075
padrao,4096,6,static,1,5,1.289999962,1.289000034,1.317000151,1.2956000328,0.0120125608138366,0.005426,1.0020747239668506,482524461.0,482515464.833,0.041999817,0.9271812681167911,"static,1",6.9765000345,5.408139720937449,5.297265933646806,5.412335027525685,90.13566201562413,0.021887758438310423,3.771829507312791e-05,99.99813560401724
padrao,4096,6,static,4,5,1.289999962,1.289000034,1.2900002,1.289600086,0.0005477700354107679,0.004655,1.0024627101788326,482591146.0,482515464.833,0.040999889,0.04247596145172464,"static,4",6.9765000345,5.408139720937449,5.408138723156787,5.412335027525685,90.13566201562413,0.021887758438310423,0.0002733721931980907,99.98431774654509
padrao,4096,6,static,16,5,1.292000055,1.289999962,1.319999933,1.2981999871999998,0.012457894119953938,0.012384,1.0067532522166973,485389628.0,482515464.833,0.041999817,0.9596282732080079,"static,16",6.9765000345,5.399767598694104,5.285227567128975,5.408139720937449,89.99612664490172,0.02223178647359041,0.010098856088453543,99.40786473363482
padrao,4096,6,static,64,5,1.31400013,1.312999964,1.319000006,1.3156000616,0.0027018405958828926,0.049467,1.0266129961732482,494838350.0,482515464.833,0.042999983,0.20536944887316147,"static,64",6.9765000345,5.309360231570145,5.289234270481118,5.313404589324116,88.48933719283575,0.026015931799964184,0.050032276196863075,97.50971500760465
padrao,4096,6,static,256,5,1.476000071,1.467000008,1.48300004,1.47579999,0.005805176354356247,0.222373,1.1577707178807406,561341002.0,482515464.833,0.039000034,0.39335793425206944,"static,256",6.9765000345,4.726625812269354,4.704315472911248,4.755623719464901,78.7770968711559,0.05388089678794656,0.22910907548492243,85.95763771293751
padrao,4096,8,dynamic,1,5,0.980000019,0.980000019,0.989000082,0.9820000172000001,0.003937036512693784,0.0,1.0,363202858.0,361886598.625,0.044000149,0.40092020811970547,"dynamic,1",6.9765000345,7.1188774482054376,7.054094495514915,7.1188774482054376,88.98596810256797,0.017681811658114333,2.0077825364931885e-05,99.99856770027455
padrao,4096,8,dynamic,16,5,0.98300004,0.980000019,1.005000114,0.9868000029999999,0.010256763476551902,0.0,1.0,364113828.0,361886598.625,0.041000128,1.0393963767095675,"dynamic,16",6.9765000345,7.097151323106762,6.941790291677519,7.1188774482054376,88.71439153883452,0.018173260867835044,0.0003187295243569371,99.97914798808688
padrao,4096,8,guided,1,5,1.608999968,1.605000019,1.625999928,1.6115999224,0.00835462766411021,0.773292,1.678650734358805,617593212.0,361886598.625,0.041000128,0.5184058120124795,"guided,1",6.9765000345,4.335923041174355,4.2905906171110235,4.34672894200134,54.19903801467944,0.12072159966306753,0.7801123905487485,58.596272043385085
padrao,4096,8,static,0,5,2.470000029,2.464999914,2.487999916,2.4751999380000003,0.009782585446037795,0.995973,2.6655874753512614,972289686.0,361886598.625,0.0400002,0.3952240502212631,static (blocos),6.9765000345,2.824493907931043,2.8040595940679283,2.830223236470263,35.30617384913804,0.2617665455310866,0.9955867761822581,37.22003882544528
padrao,4096,8,static,1,5,0.99000001,0.981999874,1.014999866,0.9923999309999999,0.01320224630522316,0.00505,1.0018974257102073,361971817.0,361886598.625,0.039999962,1.3303352703702638,"static,1",6.9765000345,7.04696966063667,6.873399956192704,7.104379765429583,88.08712075795837,0.019319962749111408,0.0005305606430679658,99.97645717953782
padrao,4096,12,dynamic,1,5,0.708999872,0.693000078,0.743999958,0.7157999991999999,0.02221930814876808,0.002688,1.0002354721190203,249588925.0,241257732.417,0.044000149,3.10412240480596,"dynamic,1",6.9765000345,9.83991719888491,9.377016704750943,10.067098483789781,81.99930999070759,0.01995658700867817,2.9909711591751206e-05,99.99929595152972
padrao,4096,12,dynamic,4,5,0.700999975,0.698999882,0.722000122,0.7049999714,0.009617769544657283,0.002861,1.0002388450146718,247673074.0,241257732.417,0.042000055,1.364222685790776,"dynamic,4",6.9765000345,9.952211531105975,9.662740797293107,9.980688429501052,82.9350960925498,0.01870565024662282,0.00011739752873145355,99.99668681355372
padrao,4096,12,dynamic,16,5,0.720000029,0.713999987,0.736999989,0.7243999962000001,0.009659230497723338,0.00279,1.0013968256511483,252764541.0,241257732.417,0.045000076,1.333411174543479,"dynamic,16",6.9765000345,9.68958299097513,9.466078885518138,9.771008629584191,80.74652492479275,0.02167667175222929,0.0005185693071415796,99.97431308832392
padrao,4096,12,dynamic,64,5,0.796999931,0.778000116,0.851000071,0.8044000148,0.03022086440202873,0.143529,1.115145734532941,278003145.0,241257732.417,0.042000055,3.7569447844357162,"dynamic,64",6.9765000345,8.753451240261148,8.198001706747213,8.967222357714919,72.94542700217623,0.03371707778326421,0.1671231948345417,87.02483399464315
padrao,4096,12,dynamic,256,5,1.462999821,1.45299983,1.490999937,1.4681999684,0.01441183062012092,0.98768,2.2675453978558284,555254441.0,241257732.417,0.039999962,0.9815986194187497,"dynamic,256",6.9765000345,4.76862671776089,4.679074667526294,4.801445871125807,39.73855598134075,0.13785888684978212,0.9890382488629208,43.449941972938966
padrao,4096,12,guided,1,5,1.118000031,1.104000092,1.141000032,1.1186000826,0.013776752850625075,0.75723,1.6630229191602959,411959271.0,241257732.417,0.039999962,1.2316066362701585,"guided,1",6.9765000345,6.240160859619869,6.114373215460173,6.3192929829031215,52.001340496832235,0.0839115772516247,0.7705029510065329,58.56349144201361
padrao,4096,12,guided,4,5,1.111999989,1.109999895,1.138999939,1.1217999936,0.014822295969463056,0.744815,1.6643758569997706,411959271.0,241257732.417,0.040999889,1.321295779463896,"guided,4",6.9765000345,6.273831028338256,6.12511010371529,6.285135760756085,52.28192523615213,0.08297335603306703,0.7705029510065329,58.56349144201361
padrao,4096,12,guided,16,5,1.138999939,1.104000092,1.194999933,1.1375999928,0.03671237879533337,0.738367,1.6707332560225956,411959271.0,241257732.417,0.040999889,3.2271781845719234,"guided,16",6.9765000345,6.12511010371529,5.838075670000895,6.3192929829031215,51.04258419762741,0.08719531414435971,0.7705029510065329,58.56349144201361
padrao,4096,12,guided,64,5,1.111999989,1.105999947,1.138999939,1.1179999353999999,0.013095811849762874,0.754275,1.6392242007709126,411959271.0,241257732.417,0.042000055,1.1713606982524047,"guided,64",6.9765000345,6.273831028338256,6.12511010371529,6.307866517917654,52.28192523615213,0.08297335603306703,0.7705029510065329,58.56349144201361
padrao,4096,12,static,0,5,1.871000051,1.861000061,1.875,1.8690000532,0.00620481925611215,0.995731,2.939676379810146,718283717.0,241257732.417,0.0400002,0.3319860395663765,static (blocos),6.9765000345,3.7287545934438886,3.7208000184,3.748790868255646,31.072954945365737,0.20165751908642615,0.9963433669205674,33.588083191459376
padrao,4096,12,static,1,5,0.745999813,0.70600009,0.835999966,0.7567999839999999,0.04818398742852921,0.086137,1.0587391707560034,241297033.0,241257732.417,0.04399991,6.366806084463291,"static,1",6.9765000345,9.351879066087648,8.345096074441706,9.881726834482414,77.9323255507304,0.025742234797740765,0.00035094505285525,99.9837127780459
padrao,4096,12,static,4,5,0.744000196,0.720999956,0.804999828,0.7572000024000001,0.03542872852386736,0.076716,1.06231398157354,241844377.0,241257732.417,0.041000128,4.6789128911216915,"static,4",6.9765000345,9.377013705114669,8.666461521902336,9.676144882455443,78.14178087595558,0.025429556470090948,0.004932870529381793,99.75742889265796
padrao,4096,12,static,16,5,0.768000126,0.72300005,0.808000088,0.7680000782,0.03061864117661459,0.103675,1.0618975350431652,243323173.0,241257732.417,0.042999983,3.9868018305905677,"static,16",6.9765000345,9.083982929580925,8.634281280548572,9.649376973763694,75.6998577465077,0.02918240412847389,0.014090248609408032,99.15115335795274
padrao,4096,12,static,64,5,0.825000048,0.786000013,0.829999924,0.8114000320000001,0.022810024890578182,0.220102,1.125537060345524,277983627.0,241257732.417,0.042000055,2.8111934916189627,"static,64",6.9765000345,8.456363186175233,8.405422497966397,8.8759540955631,70.46969321812695,0.03809543111670718,0.21990109511018072,86.78846845057772
padrao,4096,12,static,256,5,1.461999893,1.45600009,1.486000061,1.4648000242,0.012132617302552537,0.987629,2.263300884775723,555254441.0,241257732.417,0.041000128,0.8282780654088779,"static,256",6.9765000345,4.771888197737371,4.694818134667627,4.791551925316158,39.76573498114476,0.13770252899984872,0.9890382488629208,43.449941972938966
padrao,5793,2,dynamic,1,5,7.199999809,7.171000004,7.21999979,7.194999885600001,0.01988711295054374,0.0,1.0,2896585140.0,2896252301.5,0.086999893,0.27640185221330726,"dynamic,1",13.955000162,1.9381945183604377,1.932825563420134,1.9460326529376473,96.90972591802188,0.031888172757729594,,
padrao,8192,4,dynamic,1,5,7.48300004,7.458000183,7.491000175,7.4784000874,0.01258169913439332,0.0,1.0,2898576649.0,2895601482.5,0.186999798,0.16824051919329144,"dynamic,1",27.68599987,3.6998529629835466,3.695901645069712,3.7122551878060204,92.49632407458867,0.027041348221075994,,
padrao,10033,6,dynamic,1,5,7.721000195,7.694999933,7.737999916,7.7190000058,0.01888114304078921,0.0,1.0,2899401053.0,2895955795.5,0.296000004,0.24460607626120034,"dynamic,1",41.569000006,5.383887962199436,5.37206002290683,5.4020793200700865,89.73146603665727,0.02288725330565271,,
padrao,11585,8,dynamic,1,5,7.847000122,7.84100008,7.861999989,7.849800062200001,0.008584821873699954,0.0,1.0,2900492756.0,2895976715.5,0.363999844,0.10936357366653686,"dynamic,1",55.353999853,7.054160697386568,7.04070210257539,7.059558638979124,88.1770087173321,0.019154638825198127,,
zoom,4096,1,dynamic,1,5,3.085000038,3.061000109,3.106999874,3.084400034,0.017601067340050028,0.0,1.0,1264428688.0,1264428688.0,0.041000128,0.5706480075875277,"dynamic,1",3.097000003,1.0038897779099476,0.9967815026052362,1.0117608274152465,100.38897779099476,,,
zoom,4096,2,dynamic,1,5,1.592999935,1.586999893,1.618999958,1.5975999356,0.012953772002836626,0.000625,1.0003127707200088,632708550.0,632214344.0,0.041000128,0.810827023348099,"dynamic,1",3.097000003,1.9441306524598194,1.9129092546894306,1.951480914813143,97.20653262299098,0.028737444918885302,0.00041593061771497353,99.97920346911425
zoom,4096,2,dynamic,16,5,1.611000061,1.601000071,1.612999916,1.609200001,0.004816595478576007,0.004966,1.0024891524688389,634009788.0,632214344.0,0.039000034,0.2993161493650786,"dynamic,16",3.097000003,1.9224083710323334,1.9200249003608751,1.9344159060939852,96.12041855161667,0.04036167868224583,0.0052228467176041425,99.73885766411979
zoom,4096,2,guided,1,5,1.873000145,1.866999865,1.976000071,1.8923999787999999,0.04681137700620987,0.306374,1.1808981027368395,746580441.0,632214344.0,0.039999962,2.4736513174077337,"guided,1",3.097000003,1.6534969371291746,1.5673076375107071,1.658811048173268,82.67484685645873,0.20955772888967616,0.30637314003783284,84.68134299810836
zoom,4096,2,static,0,5,1.879999876,1.877000093,1.894999981,1.8834000110000002,0.007569669577188881,0.303723,1.179052956832148,746580441.0,632214344.0,0.041000128,0.4019151286491566,static (blocos),3.097000003,1.6473405357820352,1.634300809525971,1.6499732815942914,82.36702678910176,0.21407805888206854,0.30637314003783284,84.68134299810836
zoom,4096,2,static,1,5,1.589999914,1.581999779,1.597000122,1.5894000054000001,0.00536668054988054,0.000629,1.000314541689668,632309347.0,632214344.0,0.041999817,0.33765449425237176,"static,1",3.097000003,1.9477988493777991,1.9392609683219546,1.9576488215173131,97.38994246888996,0.026800072624991955,0.00030049532068675874,99.98497523396566
zoom,4096,4,dynamic,1,5,0.836999893,0.830999851,0.852999926,0.8400000096,0.008426161820641688,0.001186,1.0008809937787821,317863440.0,316107172.0,0.042000055,1.0031144909931782,"dynamic,1",3.097000003,3.7001199509113913,3.630715441586099,3.726835810226878,92.50299877278478,0.027015344823685544,0.000975524382019973,99.94595579051501
zoom,4096,4,dynamic,16,5,0.845999956,0.84100008,0.852999926,0.8460000038000001,0.004415817025927243,0.016548,1.0074426484781676,320428305.0,316107172.0,0.042000055,0.521964185117329,"dynamic,16",3.097000003,3.6607566951220973,3.630715441586099,3.6825204618292067,91.51891737805244,0.03089008941147231,0.01837345757908981,99.096081788445
zoom,4096,4,guided,1,5,0.93599987,0.930999994,0.937999964,0.9345999716,0.002966405166893924,0.146056,1.1223451773347566,356502813.0,316107172.0,0.041000128,0.3173983797383976,"guided,1",3.097000003,3.308761146515971,3.3017058868458546,3.3265306369056753,82.71902866289928,0.06963722703403996,0.15151400502413426,88.6689138130307
zoom,4096,4,static,0,5,1.020999908,1.018999815,1.026000023,1.0217999456,0.0025885108287566883,0.455969,1.2276153001681696,390077628.0,316107172.0,0.042999983,0.2533285346024086,static (blocos),3.097000003,3.033300961864533,3.018518453775902,3.0392547254780413,75.83252404661333,0.1062317972278457,0.45511979733428853,81.03699092427829
zoom,4096,4,static,1,5,0.835000038,0.832999945,0.84100008,0.8366000176,0.0032863655613357234,0.005967,1.0030066841138254,316196877.0,316107172.0,0.042000055,0.3928239890268589,"static,1",3.097000003,3.7089818707289686,3.6825204618292067,3.7178874039421452,92.72454676822422,0.026154358924185866,0.0005827603414312027,99.97163001707952
zoom,4096,6,dynamic,1,5,0.569999933,0.568000078,0.573000193,0.5708000182,0.0021679728119127577,0.001754,1.0005871560891033,212154010.0,210738114.667,0.046000004,0.37981302431443364,"dynamic,1",3.097000003,5.433333977251538,5.40488474669676,5.452464045260219,90.55556628752562,0.02085886953097301,0.0025291737029127623,99.88835935829779
zoom,4096,6,dynamic,4,5,0.572000027,0.569000006,0.57400012,0.571999979,0.0018708522162386358,0.008726,1.0049693651989304,212061760.0,210738114.667,0.039999962,0.32707207778387626,"dynamic,4",3.097000003,5.414335414008643,5.395469260529074,5.442882197438852,90.23892356681073,0.02163384944627009,0.008949751883762909,99.56726108201309
zoom,4096,6,dynamic,16,5,0.579999924,0.578000069,0.58100009,0.5796000482,0.0011401869181498923,0.031142,1.017605615540074,215125726.0,210738114.667,0.040999889,0.19671960374931735,"dynamic,16",3.097000003,5.339655877265253,5.330463895453097,5.358130853441126,88.99426462108755,0.02473358350849185,0.030018651594993555,98.35652067591978
zoom,4096,6,dynamic,64,5,0.605000019,0.600999832,0.622999907,0.6073999882,0.008961008052540275,0.135314,1.0625355511358656,223657352.0,210738114.667,0.042999983,1.4753059312852117,"dynamic,64",3.097000003,5.119008108659249,4.971108291032217,5.153079648448221,85.31680181098749,0.03442041398021921,0.1371336707436309,94.07608001933976
zoom,4096,6,dynamic,256,5,0.779000044,0.773999929,0.779999971,0.7774000166,0.003130462411350107,0.396641,1.3711249610015566,293486690.0,210738114.667,0.041999817,0.40268360490154725,"dynamic,256",3.097000003,3.97560953539561,3.9705129719806105,4.001292360583665,66.26015892326016,0.10184050755391623,0.41305379310961526,71.81606499624903
zoom,4096,6,guided,1,5,0.645999908,0.643000126,0.655999899,0.647599983,0.005224865023159607,0.143963,1.134992371479753,240253126.0,210738114.667,0.040999889,0.8068043792952981,"guided,1",3.097000003,4.794118334456481,4.72103731680605,4.8164842863498905,79.90197224094136,0.05030671257639002,0.14876734631956465,87.71503546083585
zoom,4096,6,guided,4,5,0.648000002,0.640999794,0.674000025,0.6521999836,0.012949962807432524,0.145736,1.133567617220728,240253126.0,210738114.667,0.040999889,1.98558159047346,"guided,4",3.097000003,4.77932097753296,4.594955323629253,4.831514817928319,79.65534962554933,0.0510816924916871,0.15111942809851306,87.71503546083585
zoom,4096,6,guided,16,5,0.645999908,0.643000126,0.651000023,0.646600008,0.0030495684950872454,0.157895,1.1361774628957797,240253126.0,210738114.667,0.045000076,0.47163137292866314,"guided,16",3.097000003,4.794118334456481,4.75729630350566,4.8164842863498905,79.90197224094136,0.05030671257639002,0.16191972045350203,87.71503546083585
zoom,4096,6,guided,64,5,0.644999981,0.642999887,0.65199995,0.646399927,0.003646956128856426,0.200928,1.1360423135730164,240253126.0,210738114.667,0.041000128,0.5641950093933761,"guided,64",3.097000003,4.801550533689086,4.7500003688650585,4.8164860766141935,80.02584222815143,0.04991926911535106,0.20376974824460764,87.71503546083585
zoom,4096,6,static,0,5,0.763999939,0.758000135,0.76699996,0.7635999680000001,0.0037814807960553846,0.620053,1.3587245267083043,287880163.0,210738114.667,0.042000055,0.49521751630762045,static (blocos),3.097000003,4.053665249049189,4.037809862467268,4.085751255176228,67.56108748415315,0.09602839067223595,0.6169903342732233,73.20341647391197
zoom,4096,6,static,1,5,0.575999975,0.572999954,0.585999966,0.5769999504000001,0.005338543200235451,0.008696,1.0040960146476114,211029538.0,210738114.667,0.042000055,0.9252242043581724,"static,1",3.097000003,5.376736349684737,5.28498324691029,5.404887001090405,89.61227249474562,0.023183716283645094,0.0033666898327759215,99.8619040082752
zoom,4096,6,static,4,5,0.57400012,0.571999788,0.575000048,0.573600006,0.0011402916379137595,0.012195,1.0055571956161584,211735238.0,210738114.667,0.042000055,0.19879561122489933,"static,4",3.097000003,5.395469260529074,5.386086512117995,5.414337676292985,89.92448767548457,0.022408828974095452,0.00972380893916203,99.52907067205632
zoom,4096,6,static,16,5,0.58100009,0.578000069,0.605000019,0.5854000092,0.011058934478909948,0.041523,1.0190003145537267,214189306.0,210738114.667,0.044000149,1.8891244115323713,"static,16",3.097000003,5.330463895453097,5.119008108659249,5.358130853441126,88.84106492421829,0.025121119575278215,0.041202052356432775,98.38871912058329
zoom,4096,6,static,64,5,0.605999947,0.599999905,0.626000166,0.6096000198,0.010139114449078083,0.181518,1.0653383606080693,224182202.0,210738114.667,0.041999817,1.6632405052093937,"static,64",3.097000003,5.110561508019405,4.947283037940919,5.161667488930686,85.17602513365675,0.03480785782872992,0.17577311958065253,94.00305322483479
zoom,4096,6,static,256,5,0.763000011,0.752000093,0.766000032,0.7610000130000001,0.005700819371609526,0.518954,1.3557607684978699,286833604.0,210738114.667,0.042999983,0.7491221122501514,"static,256",3.097000003,4.058977664942654,4.043080774962683,4.1183505585018585,67.64962774904424,0.09564094682372531,0.5255765917859471,73.47051103073217
zoom,4096,8,dynamic,1,5,0.43900013,0.436999798,0.440999985,0.43860001579999996,0.0016733698989521704,0.002288,1.0011480209110584,158913457.0,158053586.0,0.041000128,0.3815252710148604,"dynamic,1",3.097000003,7.054667621624622,7.022675982630702,7.086959804498582,88.18334527030778,0.019142997213801242,0.0029635004328219597,99.81478761713905
zoom,4096,8,dynamic,16,5,0.445000172,0.443000078,0.447999954,0.4454000474,0.00207360304948386,0.038031,1.020548020829425,160897589.0,158053586.0,0.039999962,0.46555968316312757,"dynamic,16",3.097000003,6.959547878556774,6.912947145079394,6.990969430483937,86.99434848195968,0.021357136978250875,0.03561188119351636,97.91277739878694
zoom,4096,8,guided,1,5,0.48300004,0.480999947,0.483999968,0.4827999594,0.001303864909997517,0.118503,1.1105989773832359,176958086.0,158053586.0,0.042000055,0.27006317722517964,"guided,1",3.097000003,6.412007756769543,6.3987607598354215,6.438670154364902,80.15009695961929,0.03537987528285545,0.12643182634785052,89.31696175782552
zoom,4096,8,static,0,5,0.562000036,0.559000015,0.572000027,0.5646000386,0.0055946249294907355,0.611807,1.3022711624771675,205393909.0,158053586.0,0.041000128,0.9909005573863126,static (blocos),3.097000003,5.51067580892468,5.414335414008643,5.540250303928882,68.8834476115585,0.06453250997023931,0.6109926706735982,76.95144747452078
zoom,4096,8,static,1,5,0.441999912,0.43900013,0.480000019,0.45340003959999997,0.01859569682498356,0.01139,1.006015715537449,158262896.0,158053586.0,0.041000128,4.101388443059933,"static,1",3.097000003,7.0067887321208335,6.452083084188377,7.054667621624622,87.58485915151041,0.020249978900076133,0.002078282454783337,99.86774537475922
zoom,4096,12,dynamic,1,5,0.322999954,0.319999933,0.333000183,0.3244000434,0.00517695012634808,0.00625,1.003396793605366,109815628.0,105369057.333,0.042999983,1.5958537095399414,"dynamic,1",3.097000003,9.588236668912963,9.300295198336272,9.678127035732848,79.90197224094136,0.02286668753472274,0.0051271922205513455,99.68473659232396
zoom,4096,12,dynamic,4,5,0.333999872,0.318000078,0.340999842,0.3315999032,0.008561442297392946,0.018868,1.0089019626658524,113924706.0,105369057.333,0.042999983,2.5818591063427507,"dynamic,4",3.097000003,9.272458652319484,9.082115653883498,9.73899133131659,77.27048876932903,0.02674137611522983,0.018911025854815154,98.9508684993955
zoom,4096,12,dynamic,16,5,0.340000153,0.319000006,0.349999905,0.3360000136,0.012389474827858245,0.062893,1.0353781330432792,115266871.0,105369057.333,0.048000097,3.687343549517715,"dynamic,16",3.097000003,9.108819439266545,8.848573838898613,9.708463776643313,75.90682866055455,0.028854957350156668,0.07466236689430626,95.90772130448057
zoom,4096,12,dynamic,64,5,0.36500001,0.35800004,0.398000002,0.3710000038,0.016309519383000223,0.249329,1.153608308168754,126655614.0,105369057.333,0.040999889,4.396096823705808,"dynamic,64",3.097000003,8.484931282604622,7.781407003611019,8.650837030632733,70.70776068837185,0.03766108303511271,0.26888211834377546,84.71010990267015
zoom,4096,12,dynamic,256,5,0.542999983,0.532000065,0.542999983,0.5400000095999999,0.004795794668399261,0.581181,1.7467535487856223,198032807.0,105369057.333,0.042999983,0.8881101079890169,"dynamic,256",3.097000003,5.70349926327714,5.70349926327714,5.8214278658029865,47.5291605273095,0.10036104704517822,0.6158703163931735,53.22003289526141
zoom,4096,12,guided,1,5,0.357000113,0.353999853,0.361999989,0.3570000174,0.0030822352297527507,0.149171,1.1501186870098523,125392691.0,105369057.333,0.040999889,0.863371170735621,"guided,1",3.097000003,8.675067290524918,8.555248887037948,8.748591211985616,72.29222742104098,0.03484314297854749,0.1794650056596999,84.03125931266067
zoom,4096,12,guided,4,5,0.371999979,0.364000082,0.387000084,0.3736000062,0.009502646352735115,0.172043,1.1790042502488327,125392691.0,105369057.333,0.042000055,2.5435348487783607,"guided,4",3.097000003,8.325269295243697,8.002582250085505,8.50823984979212,69.3772441270308,0.04012680141121366,0.18430278364470223,84.03125931266067
zoom,4096,12,guided,16,5,0.363000154,0.355000019,0.414000034,0.3704000472,0.024795157829778758,0.186441,1.1597447416325115,125392691.0,105369057.333,0.042000055,6.694156228438719,"guided,16",3.097000003,8.53167682953655,7.480675721393781,8.723943203507265,71.09730691280458,0.03695663967418416,0.20078245230417777,84.03125931266067
zoom,4096,12,guided,64,5,0.361999989,0.355999947,0.400000095,0.3743999958,0.020851931498219182,0.228169,1.1601307279678752,126855124.0,105369057.333,0.040999889,5.569426210506165,"guided,64",3.097000003,8.555248887037948,7.7424981686566845,8.699439505815432,71.29374072531623,0.036604334511170865,0.2451845060092059,84.03125931266067
zoom,4096,12,static,0,5,0.44299984,0.430999994,0.480999947,0.4481999398,0.02058397965904811,0.650113,1.4402596718251086,152345037.0,105369057.333,0.040999889,4.592588671081323,static (blocos),3.097000003,6.990973186356004,6.438670154364902,7.185614956180254,58.258109886300026,0.06513629244871878,0.6508768513410779,69.16474563810918
zoom,4096,12,static,1,5,0.338999987,0.325000048,0.373000145,0.34340000179999997,0.01795276629689284,0.103551,1.0807354586405955,105805555.0,105369057.333,0.041000128,5.227945894813574,"static,1",3.097000003,9.135693574525122,8.30294584201837,9.529229371067661,76.13077978770936,0.028502651834896305,0.00689845632396144,99.58745297761854
zoom,4096,12,static,4,5,0.335000038,0.332999945,0.34100008,0.3364000322,0.003847157367203678,0.090361,1.0666664094244394,106846977.0,105369057.333,0.044999838,1.1436257428526126,"static,4",3.097000003,9.244775079697154,9.082109315047667,9.300301845395198,77.03979233080962,0.027093681630490175,0.021439970173419132,98.61678850617676
zoom,4096,12,static,16,5,0.359999895,0.342000008,0.377000093,0.3582000256,0.014060585539296037,0.178273,1.131566088070055,113185517.0,105369057.333,0.039999962,3.925344649471749,"static,16",3.097000003,8.602780295255362,8.214852092887945,9.055555352501628,71.68983579379469,0.035899807315446244,0.10995182360654852,93.09411674404714
zoom,4096,12,static,64,5,0.389999866,0.360999823,0.416000128,0.3845999718,0.02206364896881682,0.320513,1.1991353026463079,126338551.0,105369057.333,0.042000055,5.736778623657928,"static,64",3.097000003,7.941028377173852,7.444709254993305,8.578951583031662,66.17523647644877,0.04646720836782173,0.3110874763792407,83.40214170521341
zoom,4096,12,static,256,5,0.647000074,0.644999981,0.661000013,0.6498000142,0.0064187179096669034,0.820711,2.148906738341699,240340311.0,105369057.333,0.042000055,0.9877989795936363,"static,256",3.097000003,4.786707339696532,4.6853251771418645,4.801550533689086,39.88922783080444,0.1369947714937968,0.8338147111742732,43.84160813261714
